Model,MAPE,RMSE
SARIMAX,1.7656332691950685,50286.70822313939
XGB (tuned),2.254088789853262,57489.10211749738
Seasonal-Naive,3.09654718153247,86446.71448210163
Prophet,3.6777966178174775,95536.85481185741
